ticker,start,end
CMS,2025-01-01,2026-07-22
CNC,2025-01-01,2026-07-22
CNP,2025-01-01,2026-07-22
COF,2025-01-01,2026-07-22
COHR,2026-03-23,2026-07-22
COIN,2025-05-19,2026-07-22
COO,2025-01-01,2026-07-22
COP,2025-01-01,2026-07-22
COR,2025-01-01,2026-07-22
COST,2025-01-01,2026-07-22
CPAY,2025-01-01,2026-07-22
CPRT,2025-01-01,2026-07-22
CPT,2025-01-01,2026-07-22
CRH,2025-12-22,2026-07-22
CRL,2025-01-01,2026-07-22
CRM,2025-01-01,2026-07-22
CRWD,2025-01-01,2026-07-22
CSCO,2025-01-01,2026-07-22
CSGP,2025-01-01,2026-07-22
CSX,2025-01-01,2026-07-22
CTAS,2025-01-01,2026-07-22
CTSH,2025-01-01,2026-07-22
CTVA,2025-01-01,2026-07-22
CVNA,2025-12-22,2026-07-22
CVS,2025-01-01,2026-07-22
